Diagram-ID,Image-Path,Category-of-Image,Modified-Alt-Text
1,images/page0033_img000.jpeg,Mechanics (Forces & Motion),"Passengers are seated inside an airplane cabin while one person stands in the aisle reading a document. Below the cabin, a side view of the airplane and a horizontal coordinate axis illustrate motion along the x direction. The airplane moves from an initial position of six point zero meters to a final position of two point zero meters. The change in position is calculated as final position minus initial position, giving negative four point zero meters. The negative value indicates the airplane’s displacement is four meters toward the left, which is the negative x direction."
2,images/page0033_img001.jpeg,Mechanics (Forces & Motion), "A woman stands in front of a classroom chalkboard in two positions to illustrate motion along a horizontal axis. In the first position she is at an initial location of one point five meters. In the second position she has moved to a final location of three point five meters. A horizontal axis labeled x points to the right, indicating the positive direction. The change in position is calculated as final position minus initial position, giving positive two point zero meters. This shows the woman moved two meters to the right, which is the positive x direction."
3,images/page0036_img000.jpeg,Graphs, "Two perpendicular axes intersect at the origin to form a coordinate system. The horizontal axis represents the x direction, with positive x pointing to the right and negative x pointing to the left. The vertical axis represents the y direction, with positive y pointing upward and negative y pointing downward. The arrows on each axis indicate the positive directions for x and y used to describe position and motion in two dimensions."
4,images/page0039_img000.jpeg,Mechanics (Forces & Motion),"An airplane is shown above a horizontal coordinate axis that represents motion along the x direction. Several horizontal arrows illustrate individual changes in position during different time intervals. These arrows represent separate displacements labeled change in x one, change in x two, change in x three, and change in x four. Some arrows point to the right, indicating motion in the positive x direction, while others point to the left, indicating motion in the negative x direction. A longer arrow labeled total change in x shows the overall displacement resulting from adding all the individual displacements together. The diagram demonstrates how multiple changes in position combine to produce a total displacement along a single axis."
5,images/page0040_img000.jpeg,Graphs, "Three graphs compare position, velocity, and speed as functions of time for the same motion. The first graph shows position in kilometers versus time in hours. The position starts at zero kilometers at zero hours, increases linearly to three kilometers at zero point three hours, and then decreases linearly back to zero kilometers at zero point five hours. This indicates the object moves away from the starting point and then returns. The second graph shows velocity in kilometers per hour versus time. From zero to about zero point three hours the velocity is positive twelve kilometers per hour, indicating motion in the positive direction. At zero point three hours the velocity changes to negative twelve kilometers per hour and remains constant until zero point five hours, indicating motion in the opposite direction. The third graph shows speed in kilometers per hour versus time. The speed remains constant at twelve kilometers per hour for the entire time interval, showing that the object moves at the same speed even though the direction of motion changes."
6,images/page0040_img001.jpeg,Mechanics (Forces & Motion),"A house labeled home is shown on the left and a building labeled store is shown on the right. A straight path between them is labeled three kilometers. One arrow points from the home to the store, representing traveling three kilometers to the store. A second arrow points back from the store to the home, representing the return trip along the same path. The total change in position is labeled zero because the starting point and ending point are both at the home, illustrating that displacement is zero even though distance was traveled."
8,images/page0045_img000.jpeg,Mechanics (Forces & Motion),"A house labeled home is shown on the left and a building labeled store is shown on the right. A straight path between them is labeled three kilometers. One arrow points from the home to the store, representing traveling three kilometers to the store. A second arrow points back from the store to the home, representing the return trip along the same path. The total change in position is labeled zero because the starting point and ending point are both at the home, illustrating that displacement is zero even though distance was traveled."
9,images/page0045_img001.jpeg,Mechanics (Forces & Motion),"Two graphs compare acceleration as a function of time.The first graph shows acceleration in meters per second squared versus time in seconds as a smooth curve that rises and falls slightly between about one and two meters per second squared over a time interval from zero to five seconds. A horizontal line labeled average acceleration indicates the mean value of the changing acceleration over the interval. The second graph shows acceleration in meters per second squared versus time in seconds using a step pattern. The acceleration begins at about three meters per second squared, then changes to negative two meters per second squared around one second. Later it returns to zero, increases to about one and a half meters per second squared, then rises to about five meters per second squared before dropping to a negative value near negative four meters per second squared around six seconds. The graph illustrates how acceleration can change abruptly at different times instead of varying smoothly."
10,images/page0048_img001.jpeg,Graphs,"Three stacked graphs show position, velocity, and acceleration plotted against time. The first graph shows position in meters versus time in seconds. The plotted points form a curve that starts near zero meters at zero seconds, increases gradually, then rises more steeply until about thirty seconds, and begins to level off near about two hundred seventy meters around forty five to fifty seconds. The second graph shows velocity in meters per second versus time in seconds. The line increases from zero meters per second at zero seconds to about eight meters per second at around twenty seconds. It stays roughly constant near eight meters per second until about forty seconds, then decreases sharply to zero around forty five seconds. The third graph shows acceleration in meters per second squared versus time in seconds. The acceleration begins around zero point four meters per second squared for the first twenty seconds, drops to approximately zero for the next interval, and later becomes negative before returning toward zero near the end of the time range."
11,images/page0052_img000.jpeg,Mechanics (Forces & Motion),"A horizontal line represents motion along the x direction. The left end of the line is labeled initial position x zero, and the right end is labeled x equals question mark, indicating an unknown final position. Above the line, a green arrow pointing to the right is labeled average velocity equals four point zero zero meters per second. On the right side of the image, a coordinate system shows the x axis pointing to the right and the y axis pointing upward."
12,images/page0053_img001.jpeg,Graphs,"A graph titled displacement versus velocity for a given time shows displacement in meters on the vertical axis and average velocity in meters per second on the horizontal axis. Several plotted points form a straight line that rises from the lower left toward the upper right. The points are connected by a line, showing a linear relationship between average velocity and displacement."
14,images/page0057_img000.jpeg,Mechanics (Forces & Motion),"A horizontal line represents motion along the x direction with the displacement labeled change in x equals question mark. On the left side, the initial velocity is labeled v zero equals thirty point zero meters per second with a green arrow pointing to the right indicating the direction of motion. On the right side, the final velocity is labeled v f equals zero meters per second and is marked by a green point. Below the line, two acceleration values are listed: acceleration for dry conditions equals negative seven point zero zero meters per second squared, and acceleration for wet conditions equals negative five point zero zero meters per second squared."
15,images/page0058_img000.jpeg,Mechanics (Forces & Motion),"A horizontal position axis labeled position x in meters shows the stopping distance of a car. In the top illustration, a car braking on dry pavement stops after about sixty four point three meters, while a car braking on wet pavement stops after about ninety meters. In the lower illustration, a shaded region labeled reaction time shows the distance the car travels before braking begins. After this reaction distance, the braking distance is shown. The total stopping distance is about seventy nine point three meters on dry pavement and about one hundred five meters on wet pavement. Multiple car icons mark the positions where the car stops under the different conditions."
16,images/page0062_img000.jpeg,Graphs,"Three stacked graphs show vertical motion over time. The first graph shows vertical position in meters versus time in seconds. The plotted points rise from zero meters at zero seconds to a maximum of about eight to nine meters near one point five seconds, then decrease steadily and pass below zero to about negative five meters by around three seconds. The second graph shows velocity in meters per second versus time in seconds. The line decreases steadily from about positive twelve meters per second at zero seconds, crosses zero near about one point two seconds, and continues downward to about negative fifteen meters per second around three seconds. The third graph shows acceleration in meters per second squared versus time in seconds. The acceleration is shown as a constant horizontal line at about negative ten meters per second squared throughout the time interval."
17,images/page0064_img000.jpeg,Mechanics (Forces & Motion),"Two side by side diagrams show the vertical motion of an object thrown from the edge of a cliff. In the left diagram, a person stands on a cliff and throws an object straight upward from an initial position labeled y zero equals zero with an initial velocity of thirteen meters per second upward. The object rises to a maximum height labeled y one equals eight point one zero meters, then falls past a point labeled y two equals six point four zero meters while moving downward. The object continues falling below the cliff edge to a position labeled y three equals negative five point one zero meters with a downward velocity of about negative sixteen point four meters per second. Arrows indicate the upward and downward directions along the vertical axis. In the right diagram, the same motion is shown for an object thrown straight downward from the cliff. The initial position is labeled y zero equals zero with an initial velocity of negative thirteen meters per second downward. The object reaches a position labeled y equals negative five point one zero meters with a velocity of about negative sixteen point four meters per second. Arrows indicate motion downward along the vertical direction."
18,images/page0065_img001.jpeg,Graphs,"An illustration and several graphs show the motion of a falling sphere. On the left, a hand releases a small sphere that falls downward in a series of positions. Next to the illustration is a table with three columns labeled vertical position y in meters, velocity v in meters per second, and time t in seconds. The table lists values showing position becoming more negative and velocity becoming increasingly negative as time increases from zero to about zero point five seconds. Below the table, three graphs display the motion. The first graph shows position versus time, where the position decreases in a curved line as time increases. The second graph shows velocity versus time, where the velocity decreases linearly from zero to about negative five meters per second. The third graph shows acceleration versus time, where acceleration remains constant at approximately negative ten meters per second squared over the time interval"
19,images/page0067_img000.jpeg,Mechanics (Forces & Motion),"A multi part physics diagram illustrates projectile motion and the components of velocity. In the top section, a ball follows a curved path through the air. At several points along the path, arrows show the velocity vector and its components. The horizontal component of velocity labeled v x is shown pointing to the right at each position. The vertical component labeled v y points upward while the ball rises, becomes zero at the highest point, and points downward as the ball falls. The combined velocity vector is shown at different angles along the trajectory. A second section shows several equally spaced positions of the ball along a horizontal line, each with a right pointing arrow labeled v x, indicating constant horizontal velocity. Another section shows vertical motion with several stacked positions of the ball. Arrows labeled v y point upward near the beginning and downward as the ball moves downward.The final small diagram shows the velocity vector separated into horizontal component v x and vertical component v y relative to x and y coordinate axes."
20,images/page0068_img000.jpeg,Mechanics (Forces & Motion),"Earth is shown with a cannon positioned on top of a tall mountain firing projectiles horizontally with different initial velocities labeled v zero. Several curved paths extend around the planet, where some trajectories curve downward and intersect the surface while others travel farther before falling. One path continues around Earth to form a circular orbit, and arrows along each path indicate the direction of motion around the planet."
21,images/page0068_img001.jpeg,Mechanics (Forces & Motion),"Two diagrams compare projectile trajectories for different launch speeds and launch angles. In the top diagram, three projectiles are launched from the same point at an angle of forty five degrees. The initial speeds are labeled thirty meters per second, forty meters per second, and fifty meters per second. Each projectile follows a curved path through the air, with greater speeds producing longer horizontal ranges. The ranges shown are about ninety one point eight meters, one hundred sixty three meters, and two hundred fifty five meters. A small coordinate system indicates the x direction horizontally and the y direction vertically.In the bottom diagram, projectiles are launched with the same initial speed of fifty meters per second but at different angles labeled fifteen degrees, forty five degrees, and seventy five degrees. Each path forms a different curved trajectory. The ranges shown include about one hundred twenty eight meters and two hundred fifty five meters along the horizontal direction."
22,images/page0070_img000.jpeg,Mechanics (Forces & Motion),"Motion along a circular path is shown with two nearby points labeled B and C on the circle and a center point labeled A. Lines from the center to B and C represent the radius labeled r, and the angle between them is labeled change in theta. The curved arc between B and C is labeled change in s, and the straight line between them is labeled change in r. At point B, a green arrow labeled v one shows the velocity tangent to the circle. At point C, another green arrow labeled v two shows the velocity at that point along the path.Above the circle, a small vector triangle shows the relationship change in v equals v two minus v one. The vectors labeled v one and v two are arranged tip to tail, and the resulting arrow represents the change in velocity."
25,images/page0078_img000.jpeg,Mechanics (Forces & Motion),"A spring is attached between a fixed support and a movable block, with the spring’s length labeled x. When the block is pulled to the right by a hand, the spring stretches by an additional distance labeled change in x. A red arrow labeled restoring force points to the left, indicating the direction of the force exerted by the spring opposing the pull. Below, a spring scale with numbered markings shows the spring stretched by a distance labeled change in x while a horizontal arrow labeled restoring force points toward the left, representing the force measured by the scale."
26,images/page0081_img000.jpeg,Mechanics (Forces & Motion),"A child sits in a small wagon while two people push it forward along a flat surface. Arrows show the forces acting on the wagon: two applied forces pointing to the right labeled F one and F two, friction pointing to the left labeled f, the normal force pointing upward labeled N, and the weight pointing downward labeled w. Another panel shows the forces combined into a single net force pointing to the right. To the right, a free body diagram represents the wagon as a single point with arrows showing the same forces: normal force upward, weight downward, friction to the left, and applied forces to the right. In a second scenario below, one adult pushes the wagon with a single force labeled F adult pointing to the right. A corresponding free body diagram again shows the normal force upward, weight downward, friction to the left, and the applied force to the right."
27,images/page0082_img000.jpeg,Mechanics (Forces & Motion),"A person pushes two different objects to the right with a force labeled F. In the first case, the person pushes a basketball with mass labeled m one, and an arrow labeled acceleration a one points to the right. In the second case, the person pushes a car with mass labeled m two, with a force arrow pointing to the right and an acceleration arrow labeled a two. Below these scenes, simplified free body diagrams show a single point with an arrow labeled F pointing to the right for each object. Text indicates that the free body diagrams for both objects are the same, representing the applied force acting on each object."
28,images/page0084_img000.jpeg,Mechanics (Forces & Motion),"A person pushes a lawn mower across grass while walking behind it. A red arrow labeled net force points horizontally to the right, indicating the direction of the overall force acting on the mower as it moves forward."
29,images/page0085_img000.jpeg,Mechanics (Forces & Motion),"A rocket powered vehicle moves to the right along a flat surface with an arrow labeled acceleration pointing to the right. Several arrows labeled thrust point forward from the rear of the vehicle, while an arrow labeled friction points backward. Vertical arrows show the normal force upward and the weight downward acting on the vehicle. Below the vehicle, a free body diagram represents the object as a point with arrows showing the same forces: normal force upward, weight downward, friction to the left, and multiple thrust forces to the right."
30,images/page0088_img000.jpeg,Mechanics (Forces & Motion),"A swimmer pushes against a pool wall underwater while preparing to move away from the wall. An arrow labeled direction of acceleration points away from the wall. The swimmer’s feet press against the wall, and an arrow labeled force of wall on feet points away from the wall. On the right side, a free body diagram represents the swimmer as a point. Arrows show the buoyant force upward, weight downward, and the force of the wall on the swimmer pointing away from the wall."
31,images/page0089_img000.jpeg,Mechanics (Forces & Motion),"A person pushes a loaded cart forward across a floor. Arrows indicate several forces acting on the system. A force from the person on the cart points forward, friction on the wheels points backward, and forces between the person’s feet and the floor act in opposite directions. The diagram labels two systems of interest: one including the person and cart together, and another focusing on the cart and objects on it. On the right side, two free body diagrams represent these systems as points with arrows showing the forces acting on each system. The arrows indicate the normal force upward, weight downward, friction to the left, and applied forces to the right from either the floor or the person pushing the cart."
32,images/page0092_img000.jpeg,Mechanics (Forces & Motion),"A hand presses down on a soft object placed on a table. In the first case, an upward arrow labeled force from the hand acts on the object, while a downward arrow labeled weight acts toward the table. In the second case, the object rests on the table without the hand pressing it. An upward arrow labeled normal force acts from the table on the object, and a downward arrow labeled weight acts toward the table. Below, simplified free body diagrams represent the forces acting on the object in each situation, showing upward forces from the hand or table and a downward weight force."
33,images/page0093_img000.jpeg,Mechanics (Forces & Motion),"A hand holds a vertical rope attached to a block with mass labeled m. The rope pulls upward on the block with a force labeled tension, shown by an upward arrow labeled T. A downward arrow labeled weight shows the gravitational force acting on the block. To the right, a free body diagram represents the block as a point with two forces: an upward arrow labeled tension and a downward arrow labeled weight."
34,images/page0094_img001.jpeg,Mechanics (Forces & Motion), "The top figure shows the internal structure of a human finger with the bones, extensor muscle, flexor muscle, and tendons labeled. The tendons run along the finger and attach the muscles to the bones. Red arrows labeled tension point along the tendons, indicating the direction of the pulling forces transmitted through the tendons when the muscles contract. The bottom figure shows a bicycle frame and handlebar system. Several arrows labeled tension appear along different parts of the frame and cable system, including near the handlebars and along the frame tubes. These arrows indicate forces acting along the cables and structural members of the bicycle, illustrating how tension forces can be transmitted through connected components."
35,images/page0095_img000.jpeg,Mechanics (Forces & Motion),"A person stands on a scale inside an elevator that is suspended by a cable. In the first panel, several forces acting on the elevator system are shown with arrows. A tension force in the cable points upward. The normal force from the scale on the person points upward, while the person’s weight points downward. Additional downward arrows represent the weights of the scale and the elevator. In the second panel, the person is identified as the system of interest. The forces acting on the person are shown: an upward force from the scale and a downward weight force. On the right, a simplified free body diagram represents the person as a point with two vertical forces: an upward force from the scale and a downward weight force. A small coordinate axis indicates the vertical direction labeled y and horizontal direction labeled x."
36,images/page0098_img001.jpeg,Mechanics (Forces & Motion),"Two hands hold a flexible object stretched vertically between them. The upper hand moves the object sideways from its central position. The shape of the object curves as it is displaced, and motion lines show it moving back and forth. A label marks the equilibrium position at the center, with arrows pointing left and right to indicate displacement on either side of that position."
37,images/page0099_img001.jpeg,Graphs,"Graph showing the relationship between force and displacement for a spring. The vertical axis is labeled Force, F in newtons, and the horizontal axis is labeled Displacement, x in meters. A straight line passes through several plotted points, increasing from the origin upward to the right, showing that force increases linearly with displacement. The slope of the line is labeled k equals slope equals rise over run. Dashed horizontal and vertical lines illustrate the rise and run used to calculate the slope. A table beside the graph lists measured values of mass in kilograms, weight in newtons, and displacement in meters. As mass increases from 0.000 to 0.500 kilograms, weight increases from 0.00 to 4.90 newtons and displacement increases from 0.000 to 0.127 meters. Below, springs hang vertically from a fixed support. One spring has no mass attached and is labeled x equals zero. Another spring holds a block labeled m1 with downward weight arrow w1 and displacement labeled x1. A third spring holds a larger block labeled m2 with downward weight arrow w2 and greater displacement labeled x2, showing that larger weight produces a larger stretch in the spring."
38,images/page0104_img000.jpeg,Mechanics (Forces & Motion),"Two horizontal surfaces are shown in contact to illustrate how normal force affects microscopic contact between rough surfaces. In the upper example, labeled small normal force, a block rests lightly on another surface. The surfaces appear uneven at a microscopic scale, with small bumps and valleys. A downward arrow labeled N represents the normal force exerted by the top block on the lower surface, while an upward arrow labeled N represents the equal normal force from the lower surface pushing up on the block. Because the normal force is small, the surfaces touch only at a few of the highest bumps, leaving gaps between most of the irregularities. In the lower example, labeled large normal force, the top block presses down more strongly on the lower surface. The downward arrow labeled N is larger, indicating a greater normal force, and the upward arrow labeled N shows the larger supporting force from the lower surface. The stronger compression pushes the two rough surfaces closer together, causing more of the microscopic bumps to press against each other. This increases the real area of contact between the surfaces, illustrating how a larger normal force causes greater interlocking of surface irregularities."
40,images/page0105_img000.jpeg,Other,"A microscopic model of friction showing atomic layers of two surfaces interacting as one surface slides across another. The lower surface is represented by a tightly packed lattice of atoms arranged in repeating rows. Above it is a slanted probe composed of several layers of atoms stacked in rows. An arrow at the top labeled motion of probe indicates the probe sliding horizontally across the surface. At the contact region between the two materials, atoms from the probe and the surface interact. A label reading atomic and molecular interactions points to this region where the atoms from both surfaces come close together. These interactions create resistance to motion. A horizontal arrow labeled friction, f, points opposite the direction of sliding along the interface between the probe and the surface, indicating that friction acts to oppose the motion of the probe."
41,images/page0107_img000.jpeg,Mechanics (Forces & Motion),"Two circular masses connected by a straight rod illustrate forces acting between two objects. On the left is a smaller circle labeled m with its center of mass marked CM. On the right is a larger circle labeled M with its center of mass also marked CM. A straight rod connects the two centers, and the distance between them is labeled r. Arrows labeled F are drawn along the rod pointing in opposite directions. The arrow near the smaller mass points toward the larger mass, indicating the force acting on the smaller object. The arrow near the larger mass points toward the smaller mass, indicating the force acting on the larger object. A dashed line along the rod shows the line connecting the two centers of mass."
42,images/page0109_img000.jpeg,Other,"A bright star on the left is shown being pulled toward a black hole on the right. The star is drawn as a large glowing orange sphere. Streams of material extend from the star toward the black hole, forming a long curved trail. The material spirals around the black hole in a circular disk before moving inward. The black hole is labeled “Black hole.” The background shows a purple space scene with many small white stars."
43,images/page0109_img001.jpeg,Other,"Three panels show the positions of Earth, the Moon, and the Sun during different tidal conditions. In the top panel labeled (a), Earth is shown with an elongated blue water bulge around it labeled spring tide. The Moon is positioned above Earth, and the Sun is shown to the right. The water bulge around Earth is stretched along a vertical direction. In the middle panel labeled (b), Earth again shows an elongated water bulge labeled spring tide. The Moon is positioned below Earth while the Sun remains to the right. In the bottom panel labeled (c), Earth shows a more circular water shape labeled neap tide. The Moon is positioned to the left of Earth, forming a right angle relative to the Sun, which remains on the right side of the diagram."
44,images/page0109_img002.jpeg,Other,"Earth is shown in the center surrounded by a blue ring representing ocean water. The water bulges outward on the left and right sides of Earth, and both of these regions are labeled high tide. The regions at the top and bottom of Earth are labeled low tide. A curved arrow inside Earth indicates the rotation of the planet. To the right of Earth is the Moon, shown as a gray circular body with crater markings. A green arrow points upward next to the Moon. The figure also includes the note “not to scale.”"
45,images/page0112_img000.jpeg,Mechanics (Forces & Motion),"Two panels show an object moving along a curved circular path. In each panel, the path is drawn as part of a circle with a point on the curve representing the object. A green arrow labeled v shows the velocity of the object tangent to the path. A red arrow labeled r points from the center of the circle toward the object, representing the radius. A red arrow labeled f points toward the center of the circular path, indicating the inward force acting on the object. The top panel labels the force as large f with a larger radius r. Text between the panels states that f equals Fc and is parallel to ac since Fc equals m ac. The lower panel shows the object moving with the same velocity v but with a smaller radius r. The inward force arrow is labeled large Fc, and the text notes small r and same v."
47,images/page0114_img000.jpeg,Mechanics (Forces & Motion),"A car is shown driving on a banked road surface tilted at an angle labeled theta. The car is angled relative to the horizontal road, and arrows represent the forces acting on it. A downward arrow labeled w represents the weight of the car acting vertically downward. A diagonal arrow labeled N represents the normal force exerted by the road on the car. The normal force is resolved into two components. The vertical component is labeled N cos theta equals w. The horizontal component is labeled N sin theta equals Fc equals Fnet, pointing toward the center of the curve. The diagram shows the angle theta between the banked surface and the horizontal road."
48,images/page0115_img000.jpeg,Mechanics (Forces & Motion), "Three panels compare forces acting on two different objects. In the left panel labeled (a), a person pushes a rectangular box with both hands. The box is labeled mass m1. An arrow labeled F points forward from the box, and an arrow labeled a1 points in the same direction indicating acceleration. In the right panel labeled (b), the same person pushes the back of a car labeled mass m2. An arrow labeled F points forward from the car, and an arrow labeled a2 indicates acceleration in the same direction. Below these panels, text states that the free body diagrams for both objects are the same. Two simple free body diagrams are shown, each consisting of a single horizontal arrow labeled F pointing to the right from a dot representing the object."
49,images/page0117_img000.jpeg,Mechanics (Forces & Motion),"A roller coaster track forms a vertical loop supported by a wooden framework. The track begins on a horizontal section, curves upward, and forms a complete circular loop before returning to the horizontal track. A small roller coaster car with several riders is shown moving upward along the right side of the loop. An arrow next to the car points upward along the track indicating the direction of motion. The track is colored green and the support structure underneath is a grid-like wooden frame."
50,images/page0117_img001.jpeg,Mechanics (Forces & Motion),"Two cars travel around a curved road. The road bends left around a grassy area. A blue car follows an inner curved route labeled Path 1, while a red car follows a wider curved route labeled Path 2. Black arrows show the direction each car travels along the curve. The dashed white line in the center marks the lane division of the road."
51,images/page0118_img000.jpeg,Mechanics (Forces & Motion),"A small object attached to a string moves in a circular path on the surface of a rectangular table. The string extends from the object toward a point near the center of the circle, and the radius of the circle is labeled r. A black circular arrow shows the direction of motion around the path. The word “String” labels the line connecting the object to the center point. The table is shown with four legs supporting the flat surface."
52,images/page0118_img001.jpeg,Mechanics (Forces & Motion),"A rotating merry-go-round is shown from above as a circular platform. A curved arrow labeled omega indicates the direction of rotation around the platform. A person stands near the edge of the platform holding a vertical rope. A point labeled P marks a position on the rotating surface near the person. From point P, three arrows labeled A, B, and C show possible directions of motion away from that point. The label below the figure reads “Merry-go-round’s rotating frame of reference.”"
53,images/page0124_img000.jpeg,Mechanics (Forces & Motion),"A person performs a squat while lifting a barbell across their shoulders. Two positions of the lifter are shown: one lower squat position and one higher standing position, indicating upward motion during the lift. Black arrows next to the lifter point upward to show the direction of movement. To the right of the lifter, two vertical arrows are shown. One orange arrow labeled F points upward representing the applied force. A black arrow labeled d also points upward representing displacement. Below the arrows, the equation “W = F d” is written, showing the relationship between work, force, and displacement."
54,images/page0124_img001.jpeg,Mechanics (Forces & Motion),"Three examples illustrate the relationship between force, displacement, and work. (a) A person pushes a lawn mower forward across grass. A horizontal arrow labeled force points in the direction of motion, and another arrow labeled displacement shows the distance moved in the same direction. Above the diagram, the relationship work equals force multiplied by displacement is shown. (b) A person stands holding a briefcase at their side. An upward arrow labeled force shows the force applied to hold the briefcase, but the displacement is labeled displacement equals zero, indicating no movement. (c) A person walks forward while carrying a briefcase. A horizontal arrow labeled displacement shows the direction of motion, while a vertical arrow labeled force shows the upward force supporting the briefcase. The angle between the force and displacement is labeled theta equals ninety degrees."
55,images/page0127_img000.jpeg,Mechanics (Forces & Motion), "A box of mass thirty kilograms sits on a horizontal surface with small rollers. Several forces acting on the box are shown with arrows. A rightward arrow labeled applied force equals one hundred twenty newtons pushes the box to the right. A leftward arrow labeled friction force equals five newtons opposes the motion. A horizontal arrow to the right labeled displacement equals zero point eight zero zero meters shows the distance the box moves. Two vertical forces are also shown: a downward arrow labeled weight and an upward arrow labeled normal force from the surface supporting the box."
56,images/page0133_img000.jpeg,Mechanics (Forces & Motion),"A vertical cross-section of a multi-story building shows two ways for a person to reach a higher floor. On the right side, a person walks up a staircase that zigzags between floors. A vertical bracket labeled h marks the total vertical height gained from the bottom floor to the upper floor. On the left side, an elevator system is shown with a cable running over a pulley at the top of the building. A counterweight and elevator car move vertically between the bottom point labeled A and an upper point labeled B. The diagram compares different paths for reaching the same height in the building."
57,images/page0133_img001.jpeg,Mechanics (Forces & Motion),"Two diagrams show a cuckoo clock with hanging weights connected by chains. (a) In the first diagram, a person pulls down on the chain to raise a weight. A downward arrow labeled force shows the applied force pulling the chain downward through a distance labeled displacement. The weight of mass m rises upward through a height labeled h. The diagram shows the relationships input energy equals work and work equals mass times gravitational acceleration times height. (b) In the second diagram, the raised weight slowly descends as the clock operates. The energy released by the falling weight is labeled output energy equals mass times gravitational acceleration times height."
58,images/page0135_img000.jpeg,Mechanics (Forces & Motion),"A roller coaster track is shown with a cart starting at the top of a hill labeled Start. The cart begins from rest with initial velocity equals zero. The track descends into a valley and then rises again to a smaller hill before reaching a flat section labeled Finish. A vertical arrow from the starting point down to the lowest point indicates a height difference of twenty-five meters. Another vertical arrow shows a height difference of twenty meters between the lowest point and the finishing height. The final velocity at the finish is labeled velocity equals unknown. The diagram illustrates motion along the track and changes in height used to analyze energy conservation."
59,images/page0142_img000.jpeg,Graphs,"A graph shows the relationship between applied force and displacement for a spring. The vertical axis is labeled applied force equals applied force, and the horizontal axis is labeled displacement equals x. A straight line starts at the origin and rises linearly to the right, representing the relationship force equals spring constant multiplied by displacement. The triangular shaded area under the line between zero and displacement x represents the work done stretching the spring. A dashed horizontal line marks the midpoint force labeled applied force equals one-half multiplied by spring constant multiplied by displacement. On the right side, two methods are shown for calculating the work: Method A states work equals one-half multiplied by base multiplied by height, which equals one-half multiplied by spring constant multiplied by displacement multiplied by displacement, giving work equals one-half multiplied by spring constant multiplied by displacement squared. Method B states work equals force multiplied by displacement, where force equals one-half multiplied by spring constant multiplied by displacement, resulting in work equals one-half multiplied by spring constant multiplied by displacement squared."
60,images/page0143_img000.jpeg,Mechanics (Forces & Motion),"Three panels show how a compressed spring launches a small object. (a) A device containing a spring is attached to the back of a gun-like launcher. The spring is uncompressed and the projectile sits in front of it. (b) The spring is compressed by pushing the projectile backward. Text indicates that work is done to compress the spring. The compression distance is labeled x, and the projectile of mass m is shown next to the compressed spring. The stored energy is labeled elastic potential energy. (c) The spring expands and pushes the projectile forward. An arrow shows the projectile moving to the right with velocity v, and the energy of the moving projectile is labeled kinetic energy."
61,images/page0145_img000.jpeg,Mechanics (Forces & Motion),"A person moves up a staircase, illustrating changes in energy and forces. At the bottom of the stairs, the person stands with initial velocity equals zero. A downward arrow labeled weight equals mass multiplied by gravitational acceleration shows the gravitational force acting downward. The normal force from the ground is labeled normal force equals negative weight. A staircase rises to a higher platform. A vertical arrow labeled h indicates the height gained while climbing the stairs. At the top of the stairs, the person is shown running forward with velocity labeled v sub i. The energy at this point is labeled kinetic energy plus gravitational potential energy, indicating the combination of motion and height-related energy."
62,images/page0151_img000.jpeg,Mechanics (Forces & Motion),"A car travels along a hilly road illustrating changes in motion. On the left, the car moves downhill as indicated by the label coasts down hill. It then moves upward over a small crest labeled coasts up over crest, followed by another descent labeled coasts down hill. On the far right, the car reaches a flat area and stops at a gas pump, labeled stops for gasoline. Arrows above each section indicate the direction of motion along the changing slope of the road."
63,images/page0158_img000.jpeg,Graphs,"A graph shows force as a function of time. The vertical axis is labeled force, and the horizontal axis is labeled time. A curved line labeled actual force rises from zero at time t one, reaches a peak, and then decreases back to zero at time t two. A shaded region under the curve represents the total effect of the varying force over time. A dashed horizontal line labeled effective force indicates a constant force that would produce the same overall effect. A rectangular shaded area between t one and t two represents this constant effective force, equal in area to the region under the curved line."
64,images/page0159_img000.jpeg,Mechanics (Forces & Motion),"Two panels compare the motion of two cars before and after an interaction. In the top panel labeled before, two cars are shown moving to the right. The first car has mass m one and velocity v one, and the second car has mass m two and velocity v two. The system of interest includes both cars, and the net force on the system is labeled net force equals zero. The total momentum is shown as momentum one plus momentum two equals total momentum. In the bottom panel labeled after, the same two cars continue moving to the right with new velocities labeled v one prime and v two prime. The total momentum is shown as momentum one prime plus momentum two prime equals total momentum, indicating that momentum is conserved for the system."
65,images/page0160_img000.jpeg,Mechanics (Forces & Motion),"A rocket moves along a curved trajectory, shown in two stages labeled before and after. In each stage, the rocket is enclosed in an oval labeled system of interest, with its center of mass marked as center of mass. The rocket follows a curved path through space. In the horizontal direction, the net force is labeled net force in the x direction equals zero, indicating no horizontal force. In the vertical direction, the net force is labeled net force in the y direction equals mass times gravitational acceleration, not equal to zero, showing that gravity acts downward. Momentum components are shown with arrows. The horizontal momentum is labeled momentum in the x direction is constant, while the vertical momentum is labeled momentum in the y direction is not constant. On the right, this is summarized as momentum in the x direction after equals momentum in the x direction before, and momentum in the y direction after is not equal to momentum in the y direction before."
66,images/page0162_img000.jpeg,Mechanics (Forces & Motion),"Two panels show a collision between two blocks on a frictionless surface, illustrating conservation of momentum and kinetic energy. In the top panel labeled before, a smaller block of mass m one moves to the right with velocity v one, and a larger block of mass m two moves to the right with velocity v two. The system of interest includes both blocks, and the net force is labeled net force equals zero. The total momentum is shown as momentum one plus momentum two equals total momentum. In the bottom panel labeled after, the blocks move with new velocities labeled v one prime and v two prime. The total momentum is shown as momentum one prime plus momentum two prime equals total momentum. A statement indicates an elastic collision, where kinetic energy one prime plus kinetic energy two prime equals kinetic energy one plus kinetic energy two, meaning total kinetic energy is conserved."
67,images/page0165_img000.jpeg,Mechanics (Forces & Motion),"Two panels show a collision on a frictionless ice surface involving a hockey puck and a goalie. In the left panel labeled before, a puck of mass m one moves to the right with velocity v one, while the goalie of mass m two is initially at rest with velocity equals zero. The system of interest includes both objects, and the net force is labeled net force equals zero. The total momentum is shown as momentum one equals total momentum. In the right panel labeled after, the puck and goalie move together to the right with a shared velocity labeled v prime, indicating they stick together after the collision. The total momentum is shown as momentum one prime plus momentum two prime equals total momentum, while the internal kinetic energy is labeled kinetic energy internal after is less than kinetic energy internal before, indicating an inelastic collision where kinetic energy is not conserved."
68,images/page0165_img001.jpeg,Mechanics (Forces & Motion),"Two panels show a head-on collision between two identical blocks on a frictionless surface. In the left panel labeled before, two blocks each of mass m move toward each other with equal speeds but opposite directions. One block has velocity v to the right, and the other has velocity negative v to the left. The total momentum is labeled momentum one plus momentum two equals zero, and the internal kinetic energy is labeled kinetic energy internal equals mass times velocity squared. The system of interest includes both blocks, and the net force is labeled net force equals zero. In the right panel labeled after, the two blocks stick together and remain at rest with velocity equals zero. The total momentum is labeled momentum one prime plus momentum two prime equals zero, and the internal kinetic energy is labeled kinetic energy internal equals zero, showing that kinetic energy is lost while momentum is conserved."
69,images/page0167_img000.jpeg,Mechanics (Forces & Motion),"Two panels illustrate an interaction between two blocks connected by a spring on a frictionless surface. In the top panel labeled before, block one with mass m one moves to the right with velocity v one, and block two with mass m two moves to the left with velocity v two. A compressed spring is positioned between them. The system of interest includes both blocks and the spring, and the net force is labeled net force equals zero. The total momentum is shown as momentum one plus momentum two equals total momentum. In the bottom panel labeled after, the spring has expanded (uncoiled), pushing the blocks apart. Block one moves to the left with velocity v one prime, and block two moves to the right with velocity v two prime. The total momentum is labeled momentum one prime plus momentum two prime equals total momentum, showing momentum is conserved. The internal kinetic energy is labeled kinetic energy internal prime is greater than kinetic energy internal, indicating that energy stored in the spring has been converted into kinetic energy."
71,images/page0176_img000.jpeg,Mechanics (Forces & Motion),"Five subfigures labeled (a) through (e) show a block attached to a horizontal spring on a frictionless surface, along with corresponding free body diagrams. In (a), the block of mass m is stretched to the right at position x equals positive X with velocity equal to zero. A force is applied to the left, representing the spring force pulling the block back toward equilibrium. The free body diagram shows three forces: normal force upward, weight downward, and spring force to the left. In (b), the block passes through the equilibrium position x equals zero moving to the left with maximum speed, labeled negative v maximum. The net force is zero at this point, and the free body diagram shows only the normal force upward and weight downward. In (c), the block is compressed to the left at position x equals negative X with velocity equal to zero. The spring force acts to the right, pushing the block back toward equilibrium. The free body diagram shows normal force upward, weight downward, and spring force to the right. In (d), the block again passes through equilibrium x equals zero, now moving to the right with maximum speed, labeled positive v maximum. The net force is zero, and the free body diagram shows only normal force upward and weight downward. In (e), the block is stretched again to the right at position x equals positive X with velocity equal to zero. The spring force acts to the left, repeating the motion cycle."
72,images/page0178_img000.jpeg,Mechanics (Forces & Motion), "A multi-part illustration shows the motion of a mass attached to a vertical spring undergoing simple harmonic motion. At the top, several snapshots show the mass moving up and down between three positions: x equals positive X (maximum upward displacement), x equals zero (equilibrium), and x equals negative X (maximum downward displacement). Arrows indicate the direction of motion at different points. Below, three graphs show how motion changes over time. The first is position versus time, a sinusoidal curve oscillating between positive X and negative X, with amplitude labeled amplitude X and period labeled T. The second is velocity versus time, with values labeled positive v maximum and negative v maximum. The third is acceleration versus time, with values labeled positive a maximum and negative a maximum. At the bottom, the spring is shown at its unstrained length, at equilibrium, and at positions above and below equilibrium corresponding to x equals positive X, x equals zero, and x equals negative X."
73,images/page0178_img001.jpeg,Mechanics (Forces & Motion), "A mass labeled m hangs from a vertical spring and oscillates up and down between positions marked x equals positive X, x equals zero, and x equals negative X. The vertical motion of the mass is shown by an arrow indicating displacement. Attached to the mass is a pen that records its motion on a moving strip of paper. The paper moves horizontally to the right, labeled motion of paper, while the pen traces a sinusoidal curve. The horizontal axis is labeled time t, and one full cycle is marked as the period T. The resulting wave represents position as a function of time for the oscillating mass."
74,images/page0180_img000.jpeg,Mechanics (Forces & Motion),"Three side-by-side illustrations show a mass suspended from a string being driven up and down by a hand at different frequencies. In the left case labeled low f, the hand moves the string slowly up and down, and the mass oscillates with a small amplitude labeled two times X. The motion is limited, and the mass does not reach large displacements. In the middle case labeled f naught, the driving frequency matches the system’s natural frequency. The mass oscillates with the largest amplitude, shown as a much greater vertical distance labeled two times X, indicating resonance. In the right case labeled high f, the hand moves the string rapidly, and the mass again oscillates with a small amplitude labeled two times X, showing reduced motion at frequencies higher than the natural frequency."
75,images/page0181_img000.jpeg,Mechanics (Forces & Motion),"A black-and-white photograph shows a long suspension bridge with visible vertical cables and tall support towers. The bridge deck appears significantly distorted, bending and twisting instead of remaining straight. The roadway curves downward and then upward in a wave-like shape, indicating large oscillations. Trees and landscape are visible below the bridge. The image illustrates structural instability caused by oscillations, where resonance leads to large amplitude motion in the bridge."
76,images/page0181_img001.jpeg,Graphs,"A graph shows amplitude X on the vertical axis and driving frequency f on the horizontal axis. Three curves represent different levels of damping: small damping, medium damping, and heavy damping. All curves peak near the natural frequency labeled f naught. The curve for small damping has the highest and narrowest peak, indicating a large amplitude at resonance. The medium damping curve has a lower and wider peak. The heavy damping curve has the lowest and widest peak, showing reduced amplitude and less sharp resonance. The horizontal axis includes markers at f naught over two, f naught, and three f naught over two. The graph shows that increasing damping decreases the maximum amplitude and broadens the range of frequencies over which oscillations occur."
77,images/page0183_img000.jpeg,Waves/Fields,"A sinusoidal water wave is shown moving to the right with velocity v sub w. The horizontal distance between two repeating points on the wave is labeled wavelength lambda. The vertical distance from the equilibrium (dashed line) to a crest is labeled X, and to a trough is labeled negative X. The total vertical distance from crest to trough is labeled two times X. A duck floating on the surface moves up and down with the wave but does not travel horizontally with it, while a fish below the surface remains relatively unaffected by the wave motion."
79,images/page0185_img000.jpeg,Waves/Fields,"A guitar is connected to an amplifier and speaker, producing sound waves that travel through the air toward a person. The speaker emits curved wavefronts spreading outward. A close-up shows the guitar string vibrating up and down, indicated by vertical motion arrows. Another close-up shows air particles vibrating back and forth in the same direction as the wave travels, showing longitudinal motion. The person places a hand near the speaker to feel the vibrations, showing that sound waves involve oscillations of air particles rather than movement of the particles over long distances."
80,images/page0187_img000.jpeg,Waves/Fields,"Two sinusoidal waves labeled wave one and wave two are shown one above the other. Each wave has amplitude labeled X and negative X. At corresponding positions, one wave has a positive displacement X while the other has a negative displacement negative X. Below them, a third line labeled resultant is a straight horizontal line at zero. Vertical lines mark specific positions along the waves where the values are labeled zero."
81,images/page0187_img001.jpeg,Waves/Fields,"Two sinusoidal waves labeled wave one and wave two are shown one above the other. Both waves have amplitude labeled X and negative X, and their peaks and troughs align at the same horizontal positions. Below them, a third wave labeled resultant is shown. This wave has larger peaks and troughs with amplitude labeled two times X and negative two times X. Vertical lines mark specific positions along the waves where corresponding points line up."
82,images/page0188_img000.jpeg,Waves/Fields,"A sequence of five panels shows two sinusoidal waves labeled wave one and wave two, along with a third line labeled resultant, at different times. The panels are labeled t equals zero, t equals one quarter T, t equals one half T, t equals three quarters T, and t equals T. Arrows above the waves indicate motion along the horizontal direction. In each panel, the two waves shift relative to each other. The resultant below changes shape over time, alternating between large amplitude peaks and troughs, a flat line at zero, and intermediate waveforms depending on the alignment of the two waves."
83,images/page0188_img001.jpeg,Waves/Fields,"Three horizontal wave plots are shown. The top plot labeled wave one is a smooth sinusoidal wave with a large wavelength and amplitude. The middle plot labeled wave two is a sinusoidal wave with a much shorter wavelength and smaller amplitude. The bottom plot labeled resultant shows a combined waveform with varying amplitude. The shape includes regions of larger and smaller oscillations, reflecting the combination of the two waves."
84,images/page0189_img000.jpeg,Waves/Fields,"Three horizontal wave plots are shown over time. The top plot labeled wave one is a sinusoidal wave with frequency f one and wavelength lambda one. The middle plot labeled wave two is a sinusoidal wave with a slightly different frequency f two and wavelength lambda two. The bottom plot labeled resultant shows a wave whose amplitude varies over time. Sections are marked destructive where the amplitude is small and constructive where the amplitude is large. The horizontal axis is labeled time."
85,images/page0189_img001.jpeg,Waves/Fields,"Two side-by-side illustrations show standing wave patterns on a string fixed at both ends with length L. On the left, labeled first overtone, the string forms two loops between the fixed ends. Points labeled nodes appear where there is no motion. The wavelength is labeled lambda two equals L, and the frequency is shown as f two equals wave speed over L equals two times f one. On the right, labeled second overtone, the string forms three loops with additional nodes between the ends. The wavelength is labeled lambda three equals two over three times L, and the frequency is shown as f three equals three times wave speed over two times L equals three times f one."
86,images/page0189_img002.jpeg,Waves/Fields,"A string fixed at both ends with length L forms a standing wave in the fundamental mode. The string has one loop with maximum displacement at the center labeled antinode and zero displacement at both ends labeled nodes. The wavelength is labeled lambda one equals two times L, and the frequency is shown as f one equals wave speed over two times L. A dashed curve to the right shows the motion of the string over time as it oscillates."
87,images/page0193_img000.jpeg,Waves/Fields,"Sound waves are shown traveling through air toward a human ear as alternating regions labeled compression and rarefaction. The waves are drawn as concentric patterns moving inward. Inside the ear canal, the eardrum is labeled with area A. A force labeled F equals pressure times area acts on the eardrum, with arrows indicating motion back and forth as the pressure changes."
88,images/page0193_img001.jpeg,Waves/Fields,"A longitudinal sound wave is shown with alternating regions of higher and lower pressure on either side of a central object. Curved lines indicate compressions and rarefactions moving through the medium. At the center, a small element is shown oscillating back and forth horizontally with arrows indicating motion. Below, a sinusoidal graph represents pressure variation with position. The vertical axis is labeled gauge pressure (pressure relative to atmospheric pressure) and includes atmospheric pressure (the baseline pressure of the surrounding air) as a reference level. The horizontal axis is labeled position (distance along the direction of wave travel), showing the pressure oscillating above and below equilibrium."
89,images/page0195_img000.jpeg,Waves/Fields,"A tuning fork is shown at the center emitting circular sound waves outward on both sides. The waves are drawn as expanding arcs with alternating shaded regions representing compressions and rarefactions. Arrows on each side indicate wave propagation away from the tuning fork, labeled wave speed (v). A horizontal distance between two similar points on the wave is marked and labeled wavelength (lambda)."
90,images/page0197_img000.jpeg,Waves/Fields,"A speaker box is shown emitting sound waves from two openings. From the top opening, closely spaced circular wavefronts are drawn and labeled high frequency (f), small wavelength (lambda). From the bottom opening, widely spaced circular wavefronts are drawn and labeled small frequency (f), large wavelength (lambda)."
91,images/page0200_img000.jpeg,Waves/Fields,"A red car is shown moving to the right between two people labeled X on the left and Y on the right. Circular wavefronts are drawn around the car, with the wavefronts compressed in front of the car and spread out behind it. Numbered wavefronts from 1 to 5 are shown, with closer spacing toward the front of the car and wider spacing toward the back. Diagonal lines labeled 1 to 5 extend from the car toward the left, indicating the positions of earlier emitted waves."
92,images/page0200_img001.jpeg,Waves/Fields,"A red car is shown centered between two people labeled X on the left and Y on the right. Circular wavefronts are evenly spaced around the car, forming concentric circles that expand outward symmetrically in all directions."
93,images/page0201_img001.jpeg,Waves/Fields,"A red car is centered between two people labeled X on the left and Y on the right. Concentric circular wavefronts expand outward evenly from the car. Both people are shown in motion, with repeated outlines indicating movement away from the car on both sides."
95,images/page0202_img002.jpeg,Waves/Fields,"An airplane is shown moving to the right at the front of a V-shaped pattern formed by shaded regions extending behind it. The shaded regions form two angled boundaries that meet at the airplane, creating a cone-like shape. Three people are standing on the ground below the shaded area, with one person positioned inside the cone and another outside, marked with a question mark."
96,images/page0205_img000.jpeg,Waves/Fields,"A rectangular speaker box is shown with two circular openings on its front. From the top opening, several closely spaced circular wavefronts extend outward. From the bottom opening, fewer, more widely spaced circular wavefronts extend outward. Text near the top wavefronts reads high frequency, small wavelength, and text near the bottom wavefronts reads small frequency, large wavelength."
98,images/page0211_img000.jpeg,Mechanics (Forces & Motion),"A curved circular path is shown with an object moving along it. A vector labeled velocity (v) is drawn tangent to the path. Two acceleration vectors are shown at the same point: one labeled tangential acceleration (a sub t, where t is a subscript indicating tangential) pointing along the direction of motion, and another labeled centripetal acceleration (a sub c, where c is a subscript indicating centripetal) pointing inward toward the center of the circle. A line labeled radius (r) extends from the center of the circle to the object. Text below states that tangential acceleration affects magnitude of velocity and centripetal acceleration affects direction of velocity."
99,images/page0211_img001.jpeg,Mechanics (Forces & Motion),"A circular path is shown with an object moving along the edge. A vector labeled velocity (v) is drawn tangent to the path in the direction of motion. A vector labeled tangential acceleration (a sub t, where t is a subscript indicating tangential) is shown pointing along the direction of motion, and another vector labeled centripetal acceleration (a sub c, where c is a subscript indicating centripetal) is shown pointing inward toward the center of the circle. A line labeled radius (r) extends from the center of the circle to the object."
100,images/page0214_img000.jpeg,Mechanics (Forces & Motion),"A bicycle wheel is shown with a hand at the top pulling on the tire. An arrow labeled force (F) points tangentially along the rim where the hand is applying the pull. At the center of the wheel, an arrow labeled angular acceleration (alpha) indicates rotation about the axle. The spokes and circular rim of the bike tire are visible, along with part of the bicycle frame connected to the wheel."
101,images/page0216_img000.jpeg,Mechanics (Forces & Motion),"A collection of diagrams shows different objects with axes of rotation and their corresponding moments of inertia. For a hoop about its central axis, the moment of inertia is I equals mass times radius squared. For an annular cylinder or ring, the moment of inertia is I equals one half times mass times the sum of inner radius squared and outer radius squared. For a solid cylinder or disk about its central axis, the moment of inertia is I equals one half times mass times radius squared. For a solid cylinder or disk about a central diameter, the moment of inertia is I equals one quarter times mass times radius squared plus one twelfth times mass times length squared. For a thin rod about an axis through its center perpendicular to its length, the moment of inertia is I equals one twelfth times mass times length squared. For a thin rod about an axis through one end perpendicular to its length, the moment of inertia is I equals one third times mass times length squared. For a solid sphere about any diameter, the moment of inertia is I equals two fifths times mass times radius squared. For a thin spherical shell about any diameter, the moment of inertia is I equals two thirds times mass times radius squared. For a hoop about any diameter, the moment of inertia is I equals one half times mass times radius squared. For a rectangular slab about an axis through its center perpendicular to its surface, the moment of inertia is I equals mass times the sum of a squared and b squared divided by twelve."
103,images/page0220_img000.jpeg,Mechanics (Forces & Motion),"Three cylindrical objects labeled one, two, and three are shown at the top of an inclined plane at height h. Arrows indicate each object moving down the incline, with dashed outlines showing their positions further along the slope. The cylinders are oriented horizontally and move in parallel paths down the surface, with their positions shifting downward along the incline."
104,images/page0220_img001.jpeg,Mechanics (Forces & Motion),"Two related images are shown. In the top image labeled (a), a helicopter rotor is viewed from above with multiple blades extending outward from a central hub. The blades are shown in several faded positions indicating rotation, with curved arrows showing the direction of motion. One blade is highlighted, and a distance from the center to the tip is labeled 4.0 meters. In the bottom image labeled (b), a helicopter is flying above water with a person suspended below it by a cable, hanging beneath the aircraft."
105,images/page0225_img000.jpeg,Mechanics (Forces & Motion),"Two side-by-side images show a figure skater spinning on one foot. In the left image, the skater’s arms are extended outward horizontally, and curved arrows around the body indicate rotation with angular speed labeled omega. In the right image, the skater’s arms are pulled inward toward the chest, and curved arrows indicate a faster rotation with angular speed labeled omega prime. Circular motion lines are drawn around the skater’s body in both cases, with tighter loops in the second image. Text below each image shows angular momentum written as L equals I times omega in the first case and L equals I prime times omega prime in the second case."
106,images/page0228_img000.jpeg,Mechanics (Forces & Motion),"Two diagrams are shown illustrating torque and rotational motion. In the top diagram, a flat surface represents a plane formed by a position vector labeled r and a force labeled F, where r extends from a point to the location of the applied force and F is drawn at an angle, with a vector labeled torque (tau) pointing perpendicular to the plane according to the right-hand rule, accompanied by a hand illustration. In the bottom diagram, a merry-go-round rotates about a vertical axis with a rider positioned at a distance labeled r from the center, a force labeled F applied tangentially at the edge, and vectors labeled torque (tau), angular velocity (omega), and angular momentum (L) all pointing along the vertical axis."
107,images/page0229_img000.jpeg,Mechanics (Forces & Motion),"Two diagrams illustrate gyroscopic motion. In the left diagram, a spinning top is shown with a tilted axis, rotating about its own axis with angular velocity labeled omega while also tracing a circular path around a vertical axis with angular velocity labeled omega sub p, shown as a dashed circle. A vector labeled angular momentum (L) points along the tilted axis, and a vector labeled torque (tau) is shown at a right angle to it. Arrows labeled weight (w) point downward from different parts of the top. In the right diagram, vectors labeled L and L plus delta L are shown at slightly different angles, with a small vector labeled delta L between them, and a dashed circular path indicating precession."
108,images/page0229_img001.jpeg,Mechanics (Forces & Motion),"Two diagrams illustrate rotational motion and angular momentum. In the top diagram, a person is holding a spinning bicycle wheel by its axle, with arrows showing forces labeled force (F) applied at different points on the wheel and a vector labeled torque (tau) along the axle. The wheel is shown rotating with a curved arrow labeled direction of rotation, and vectors labeled angular momentum (L) and angular velocity (omega) are drawn along the axis. In the bottom diagram, vectors labeled L and L plus delta L are shown at slightly different angles, with a smaller vector labeled delta L, noted as parallel to torque (tau), and a curved arrow labeled omega sub p indicating precession about a vertical axis."
109,images/page0232_img000.jpeg,Mechanics (Forces & Motion),"Four panels labeled a, b, c, and d show a child on a rotating playground platform. In panel a, the child stands near the center holding the bars while the platform rotates, indicated by a curved arrow. In panel b, the child moves toward the edge of the platform while it continues rotating. In panel c, the child reaches outward and grabs a tree branch beside the platform while the platform is still rotating. In panel d, the child is shown leaving the platform, moving outward in the direction of motion while the platform continues to rotate."
110,images/page0233_img001.jpeg,Mechanics (Forces & Motion),"Two positions of a diver are shown during a dive. In the upper position, the diver is curled into a compact shape and labeled angular speed (omega) large. In the lower position, the diver is extended straight with arms above the head and labeled angular speed (omega prime) small, just before entering the water."
111,images/page0236_img000.jpeg,Other,"Three panels labeled a, b, and c show particles represented as small red spheres. In panel a, the particles are closely packed in a fixed arrangement with small vibrations shown by short lines around each particle, next to a solid object. In panel b, the particles are close together but arranged irregularly with arrows indicating random motion, next to a container of liquid. In panel c, the particles are far apart with longer arrows showing motion in different directions, next to a container labeled oxygen gas."
112,images/page0242_img000.jpeg,Mechanics (Forces & Motion),"Two side-by-side images labeled a and b show a person’s shoulder being pressed with the same force. In image a, a hand applies force over a large area on the shoulder, labeled force, large area, and small pressure. In image b, a syringe applies force over a small area on the shoulder, labeled force, small area, and large pressure."
113,images/page0244_img000.jpeg,Other,"A cylindrical container filled with liquid is shown, with the cross-sectional area labeled A at both the top and bottom surfaces. The height of the liquid column is labeled h, measured vertically from the bottom to the surface. Inside the liquid, a downward arrow labeled w equals m g represents the weight of the fluid. The volume of the liquid is indicated as volume equals A times h, meaning area multiplied by height."
114,images/page0245_img000.jpeg,Other,"Water is shown pressing against a slanted dam wall, with the length of the wall in contact with the water labeled L and the vertical depth of the water labeled h. A small boat floats on the water surface above. A horizontal force labeled F acts outward on the vertical face of the dam due to the water. The pressure is labeled as P equals rho g h, where rho is the fluid density, g is gravitational acceleration, and h is the depth, and the force is labeled as F equals P times A, meaning pressure multiplied by area."
115,images/page0246_img000.jpeg,Other,"Vertical columns of air are shown extending upward above a square area on the ground labeled one square meter, representing a column of atmosphere. The weight of this air column is labeled w equals 1.01 times 10 to the power of 5 newtons. A tree and a cloud are shown nearby to indicate the outdoor environment."
116,images/page0248_img000.jpeg,Other,"A cylindrical object is submerged in a fluid of density rho inside a container, with two horizontal surfaces of equal area A on the top and bottom of the object. The top surface is at depth h1 and experiences a downward force labeled F1 equals pressure P1 multiplied by area A, where P1 equals h1 multiplied by rho multiplied by g, so F1 equals h1 times rho times g times A. The bottom surface is at a greater depth h2 and experiences an upward force labeled F2 equals pressure P2 multiplied by area A, where P2 equals h2 multiplied by rho multiplied by g, so F2 equals h2 times rho times g times A. The net buoyant force is labeled FB equals F2 minus F1, showing that the upward force is greater because pressure increases with depth."
117,images/page0248_img001.jpeg,Other,"Three side-by-side images labeled a, b, and c show an anchor resting on the ocean floor with seaweed around it, a submarine moving through water at the surface, and a cluster of colorful balloons floating in the air."
118,images/page0249_img000.jpeg,Other,"Two side-by-side images labeled a and b show a cylindrical object and its corresponding free body diagrams. In image a, a solid cylinder is shown with a downward arrow labeled weight of the object and an upward arrow labeled buoyant force. In image b, a dashed outline of a cylinder is shown with a downward arrow labeled weight of the fluid and an upward arrow labeled buoyant force, alongside a free body diagram with upward and downward arrows."
119,images/page0251_img000.jpeg,Other,"A hydrometer floats vertically in a liquid, with a narrow stem extending upward above the surface and a weighted bulb submerged below. The stem has markings labeled from 0.65 to 1.00, and the liquid level intersects the scale near the 0.85 to 0.90 region."
120,images/page0252_img000.jpeg,Other,"Two side-by-side images labeled a and b show a mass hanging from a spring scale attached to a balance. In image a, the object hangs in air with a downward arrow labeled weight w and an upward arrow labeled tension T, with the relation T equals w. In image b, the object is submerged in a container of fluid, with a downward arrow labeled weight w and an upward arrow labeled buoyant force F sub b, and the tension is reduced, shown as T equals w minus F sub b equals apparent weight w sub app."
122,images/page0256_img000.jpeg,Other,"A horizontal pipe narrows from a wider section on the left to a narrower section on the right, with the cross-sectional area of the wide section labeled A with a subscript one and the narrow section labeled A with a subscript two. Fluid flows from left to right with arrows showing velocity v with a subscript one in the wider section and velocity v with a subscript two in the narrower section, where the subscripts one and two indicate the first and second sections of the pipe."
123,images/page0259_img000.jpeg,Other,"Airflow is shown moving around two vehicles, a large truck above and a smaller car below, with streamlines curving and becoming closer together between them. The airflow velocity is labeled v with a subscript one outside the gap and v with a subscript two between the vehicles. Pressure far from the vehicles is labeled P with a subscript zero, while the pressure between the vehicles is labeled P with a subscript i, where the subscripts zero and i distinguish the different pressure regions."
124,images/page0261_img000.jpeg,Other,"Four side-by-side images labeled a, b, c, and d show different fluid flow situations: in a, air flows through a pipe drawing natural gas upward; in b, a squeeze bulb forces air over a tube, spraying perfume from a container; in c, water flows downward while air is drawn into a side opening; in d, hot air rises through a chimney from a water heater while cooler air is drawn in from the sides."
125,images/page0262_img000.jpeg,Other,"Two side-by-side diagrams labeled a and b show airflow moving through a horizontal tube connected to a U-shaped manometer containing fluid. In both diagrams, the airflow enters from the left with velocity labeled v with a subscript two, while a point in the tube is labeled v with a subscript one equals zero. The manometer shows a difference in fluid height labeled h, and this height difference is related to pressure by the expression h equals one over two multiplied by rho multiplied by v with a subscript two squared, where rho is the fluid density and v with a subscript two squared means velocity squared."
126,images/page0262_img001.jpeg,Other,"Two side-by-side images labeled a and b show fluid flow around curved surfaces with streamlines bending over and under the shapes. In image a, an airfoil shape has pressure labeled P with a subscript t, where subscript t means top, on the upper surface and P with a subscript b, where subscript b means bottom, on the lower surface. In image b, airflow moves over a curved top surface of a boat-like shape, with pressure labeled P front at the front and P back at the rear, and streamlines curving around the object."
127,images/page0265_img000.jpeg,Other,"A cross-sectional view shows a levee beside a flooding river on the right, with sandbags stacked on the left side. A dashed line indicates the maximum water level the water can rise to, labeled “water rises to this level at most.” The levee is labeled, and arrows beneath the ground show water flowing underneath the levee from the river side toward the sandbag side."
128,images/page0272_img000.jpeg,Other,"Three horizontal temperature scales are shown for Fahrenheit, Celsius, and Kelvin, each aligned to compare values. On the Fahrenheit scale, absolute zero is labeled negative 459.67 degrees Fahrenheit, the freezing point of water is 32 degrees Fahrenheit, normal body temperature is 98.6 degrees Fahrenheit, and the boiling point of water is 212 degrees Fahrenheit, with a marked interval of 9 degrees Fahrenheit. On the Celsius scale, absolute zero is negative 273.15 degrees Celsius, freezing is 0 degrees Celsius, normal body temperature is 37 degrees Celsius, and boiling is 100 degrees Celsius, with a marked interval of 5 degrees Celsius. On the Kelvin scale, absolute zero is 0 kelvin, freezing is 273.15 kelvin, normal body temperature is 310.15 kelvin, and boiling is 373.15 kelvin, with a marked interval of 5 kelvin."
129,images/page0273_img000.jpeg,Other,"A vertical temperature scale labeled temperature T in kelvin shows values increasing from very small powers of ten at the bottom to very large powers of ten at the top. The scale includes labeled examples such as lowest temperature achieved near 10 to the power of negative 10 kelvin, Boomerang Nebula and liquid helium near 1 kelvin, liquid nitrogen and Vostok Antarctica near 10 squared kelvin, water freezes and water boils around 10 squared to 10 third kelvin, fireplace fire and solar surface near 10 third to 10 fourth kelvin, center of Earth around 10 fourth kelvin, solar corona near 10 sixth kelvin, solar interior and rapid hydrogen fusion between 10 seventh and 10 eighth kelvin, interior of a neutron star near 10 ninth kelvin, and experiments at the Relativistic Heavy Ion Collider near 10 twelfth kelvin."
130,images/page0274_img000.jpeg,Graphs,"A graph shows pressure P on the vertical axis and temperature T in degrees Celsius on the horizontal axis, with temperature values extending to negative 273.15 degrees Celsius on the left. Four straight lines labeled Gas 1, Gas 2, Gas 3, and Gas 4 slope upward from left to right, all converging toward the same point near negative 273.15 degrees Celsius, with Gas 1 having the steepest slope and Gas 4 the least steep."
131,images/page0280_img000.jpeg,Other,"Two stacked images labeled a and b show a hot container and a cold object placed near each other on a surface. In image a, the container is labeled temperature T with a subscript one and the object is labeled temperature T with a subscript two, with the notation T with a subscript one not equal to T with a subscript two. In image b, after contact, both the container and the object are labeled temperature T with a prime symbol, indicating they have reached the same final temperature."
132,images/page0281_img000.jpeg,Other,"A vertical apparatus shows a container of insulated water with rotating paddles inside connected by a shaft to a system of pulleys and falling masses labeled m on both sides, each mass having a downward arrow labeled w, with one side indicating a measured height of descent and the other showing a height labeled h, a thermometer is inserted into the water to measure temperature change, and the falling masses cause the paddles to spin inside the water."
133,images/page0283_img000.jpeg,Other,"A room is shown with a fire on the left, where heat transfer is illustrated by conduction along the floor, radiation from the fire toward the interior, and convection currents with hot air rising vertically above the fire and cooler air circulating back along the floor, while additional arrows near the window and door indicate cold air convection entering and moving through the room."
134,images/page0285_img000.jpeg,Other,"Three rows labeled a, b, and c each show heat labeled Q being added to a cylindrical object, in row a a cylinder labeled m experiences a temperature change labeled delta T and then with heat labeled Q prime equals two times Q the same mass m experiences a temperature change labeled two times delta T, in row b a cylinder labeled m with heat Q and temperature change delta T is compared to a cylinder labeled two times m with heat Q prime equals two times Q that still shows a temperature change delta T, and in row c a cylinder labeled m copper with heat Q and temperature change delta T is compared to a cylinder labeled m water with heat Q prime equals ten point eight times Q that results in the same temperature change delta T"
135,images/page0286_img000.jpeg,Mechanics (Forces & Motion),"A truck with a long trailer is shown tilted upward while driving up an inclined hill, with smoke coming from the exhaust, trees on both sides, and the wheels aligned along the sloped surface indicating motion uphill."
136,images/page0292_img000.jpeg,Other,"A multi-part diagram shows particles in different states, with the top left labeled solid showing particles arranged in a fixed grid connected by springs and vibrating within limited motion, the top right labeled liquid showing particles close together moving in curved paths, and arrows between them labeled melt with energy input and freeze with energy output, while the bottom left shows liquid particles moving randomly and the bottom right labeled gas shows particles spread far apart moving in straight and curved paths, with arrows between them labeled boil with energy input and condense with energy output."
137,images/page0294_img000.jpeg,Graphs,"A graph of temperature T in degrees Celsius versus heat added per mass delta Q divided by m in calories per gram shows a line starting at negative twenty degrees Celsius at zero on the horizontal axis labeled ice, rising to zero degrees Celsius at about fifty calories per gram, remaining flat at zero degrees Celsius from about fifty to one hundred calories per gram labeled ice plus water, then rising to one hundred degrees Celsius at about two hundred calories per gram labeled water, remaining flat at one hundred degrees Celsius from about two hundred to about seven hundred fifty calories per gram labeled water plus steam, and finally rising above one hundred degrees Celsius to about one hundred twenty degrees Celsius at about eight hundred calories per gram labeled steam."
139,images/page0298_img000.jpeg,Other,"Am an oval labeled system with the equation change in internal energy equals Q minus W inside, a wavy arrow labeled Q enters the system from the left, and a straight arrow labeled W leaves the system to the right, while to the side arrows indicate Q in minus Q out equals Q and W out minus W in equals W."
140,images/page0301_img000.jpeg,Other,"A circular system labeled heat engine shows heat labeled Q with subscript in entering from the top, heat labeled Q with subscript out leaving from the bottom, and work labeled W leaving to the right, with the equation change in internal energy equals zero and therefore W equals Q with subscript in minus Q with subscript out written inside the system."
141,images/page0302_img000.jpeg,Other,"A cylindrical container with a movable piston shows a gas inside with volume labeled V and cross sectional area labeled A, the piston is pushed upward a distance labeled d causing a change in volume labeled delta V equals A times d, an upward force labeled F equals P times A acts on the piston, heat labeled Q with subscript in enters the system from the side, and the work done is shown at the bottom as W with subscript out equals F times d equals P times A times d equals P times delta V."
142,images/page0302_img001.jpeg,Other,"Three panels labeled a, b, and c illustrate a piston cylinder connected to a crank mechanism. In panel a, heat labeled Q with subscript in enters the gas from above, causing the piston to move to the right with a force labeled F, and the relationship is shown as F equals P multiplied by A, while the change in internal energy is written as delta U with subscript a equals Q with subscript in. In panel b, the piston moves outward a distance labeled d with force F acting to the right, turning the crank, and the work output is written as F multiplied by d equals W with subscript out, while the change in internal energy is delta U with subscript b equals negative W with subscript out. In panel c, the piston is pushed back inward a distance d by a smaller force labeled F prime pointing left, where F prime is less than F, and the work input is written as W with subscript in equals F prime multiplied by d, while heat labeled Q with subscript out leaves the system."
143,images/page0304_img000.jpeg,Graphs,"Two pressure versus volume graphs labeled (a) and (b) show thermodynamic processes starting from point A at high pressure and low volume. In both graphs, an isothermal curve from A slopes downward more gradually toward point B, while an adiabatic curve from A slopes downward more steeply toward point C. In graph (a), point B lies above point C at the same larger volume, and the region between the isothermal and adiabatic curves is shaded. In graph (b), the same isothermal and adiabatic curves are shown, but an additional vertical line from point B down to point C represents an isochoric process, meaning constant volume, connecting B and C."
144,images/page0306_img000.jpeg,Other,"A region labeled hot on the left and cold on the right shows heat labeled Q flowing from the hot side to the cold side as indicated by a rightward arrow. A car is shown first moving to the right with velocity labeled v and then coming to rest with final velocity labeled v with subscript f equals 0, while heat labeled Q is released from the tires to the ground. A container labeled vacuum shows a puff of air expanding outward in random directions, followed by the air spreading out evenly to form a uniform distribution throughout the container."
146,images/page0307_img000.jpeg,Other,"A hot reservoir labeled T with subscript h is shown above a cold reservoir labeled T with subscript c, with heat flowing downward from the hot reservoir to the cold reservoir. In the second part, a heat engine is placed between the hot reservoir labeled T with subscript h and the cold reservoir labeled T with subscript c, where heat labeled Q with subscript h enters the engine from the hot reservoir, part of the energy is converted into work labeled W shown by a rightward arrow, and the remaining heat labeled Q with subscript c is released to the cold reservoir, with the relationship written as W equals Q with subscript h minus Q with subscript c."
147,images/page0310_img000.jpeg,Graph,"A pressure versus volume graph shows a closed loop cycle labeled with points A, B, C, and D, where the vertical axis is pressure and the horizontal axis is volume. The path from B to C is a vertical line at constant volume where heat labeled Q with subscript in enters the system, and the path from D to A is another vertical line at constant volume where heat labeled Q with subscript out leaves the system. The curved paths from C to D and from A to B are labeled adiabatic processes. The enclosed shaded area inside the loop represents the net work done over one cycle. To the right, a heat engine diagram shows heat labeled Q with subscript h entering from a hot reservoir labeled T with subscript h, part of the energy converted into work labeled W shown by a rightward arrow, and the remaining heat labeled Q with subscript c flowing to a cold reservoir labeled T with subscript c."
148,images/page0310_img001.jpeg,Graph,"A pressure versus volume graph shows a cyclic process with points A, B, C, and D connected in a loop, where the vertical axis is pressure and the horizontal axis is volume. From point B to point C, a vertical line indicates constant volume and heat labeled Q with subscript n enters the system from a change in internal energy labeled delta U. The curved paths from C to D and from A to B are labeled adiabatic processes. From point D to point A, a vertical line indicates constant volume where heat labeled Q with subscript c leaves the system. The shaded area enclosed by the loop represents work. To the right, a heat engine diagram shows a hot reservoir labeled T with subscript h where delta U creates Q with subscript h, heat flows into the engine, part of the energy is converted into work labeled W, and the remaining heat labeled Q with subscript c flows to a cold reservoir labeled T with subscript c, with a note that W is proportional to the shaded area of the pressure volume diagram."
149,images/page0310_img002.jpeg,Other,"Four stages of a piston engine cycle are shown in sequence labeled intake, compression, power, and exhaust. In the intake stage, air fuel mixture enters the cylinder from open valves while the piston moves downward. In the compression stage, the valves are closed and the piston moves upward, compressing the air fuel mixture. In the power stage, a spark ignites the compressed mixture, causing rapid expansion that pushes the piston downward with force labeled F equals P multiplied by A. In the exhaust stage, the exhaust valve opens and burned gases are expelled as the piston moves upward."
151,images/page0313_img000.jpeg,,
152,images/page0314_img000.jpeg,,
153,images/page0315_img000.jpeg,,
154,images/page0317_img000.jpeg,,
155,images/page0318_img000.jpeg,,
156,images/page0319_img000.jpeg,,
157,images/page0320_img001.jpeg,,
158,images/page0322_img000.jpeg,,
159,images/page0323_img000.jpeg,,
160,images/page0324_img000.jpeg,,
161,images/page0325_img000.jpeg,,
162,images/page0327_img000.jpeg,,
163,images/page0330_img000.jpeg,,
164,images/page0333_img000.jpeg,,
165,images/page0335_img000.jpeg,,
166,images/page0345_img000.jpeg,,
167,images/page0347_img001.jpeg,,
168,images/page0348_img000.jpeg,,
169,images/page0349_img001.jpeg,,
170,images/page0349_img002.jpeg,,
171,images/page0350_img000.jpeg,,
172,images/page0352_img001.jpeg,,
173,images/page0355_img000.jpeg,,
174,images/page0359_img000.jpeg,,
175,images/page0359_img001.jpeg,,
176,images/page0361_img000.jpeg,,
177,images/page0363_img000.jpeg,,
178,images/page0364_img000.jpeg,,
179,images/page0367_img001.jpeg,,
180,images/page0368_img001.jpeg,,
181,images/page0369_img000.jpeg,,
182,images/page0370_img000.jpeg,,
183,images/page0371_img000.jpeg,,
184,images/page0371_img001.jpeg,,
185,images/page0372_img000.jpeg,,
186,images/page0372_img001.jpeg,,
187,images/page0375_img000.jpeg,,
188,images/page0376_img000.jpeg,,
189,images/page0381_img000.jpeg,,
190,images/page0385_img000.jpeg,,
191,images/page0386_img001.jpeg,,
192,images/page0387_img000.jpeg,,
193,images/page0388_img000.jpeg,,
194,images/page0389_img000.jpeg,,
195,images/page0390_img000.jpeg,,
196,images/page0391_img000.jpeg,,
197,images/page0392_img000.jpeg,,
198,images/page0396_img000.jpeg,,
199,images/page0400_img000.jpeg,,
200,images/page0402_img000.jpeg,,
201,images/page0407_img000.jpeg,,
202,images/page0409_img000.jpeg,,
203,images/page0409_img001.jpeg,,
204,images/page0411_img000.jpeg,,
205,images/page0411_img001.jpeg,,
206,images/page0412_img001.jpeg,,
207,images/page0412_img002.jpeg,,
208,images/page0413_img001.jpeg,,
209,images/page0415_img000.jpeg,,
210,images/page0415_img001.jpeg,,
211,images/page0418_img000.jpeg,,
212,images/page0420_img000.jpeg,,
213,images/page0420_img001.jpeg,,
214,images/page0421_img000.jpeg,,
215,images/page0421_img001.jpeg,,
216,images/page0423_img000.jpeg,,
217,images/page0423_img001.jpeg,,
218,images/page0423_img002.jpeg,,
219,images/page0425_img000.jpeg,,
220,images/page0426_img000.jpeg,,
221,images/page0427_img000.jpeg,,
222,images/page0430_img000.jpeg,,
223,images/page0431_img000.jpeg,,
224,images/page0431_img001.jpeg,,
225,images/page0433_img000.jpeg,,
226,images/page0436_img000.jpeg,,
227,images/page0437_img000.jpeg,,
228,images/page0440_img000.jpeg,,
229,images/page0440_img001.jpeg,,
230,images/page0444_img000.jpeg,,
231,images/page0445_img001.jpeg,,
232,images/page0445_img003.jpeg,,
233,images/page0446_img001.jpeg,,
234,images/page0447_img000.jpeg,,
235,images/page0453_img001.jpeg,,
236,images/page0454_img000.jpeg,,
237,images/page0455_img000.jpeg,,
238,images/page0457_img000.jpeg,,
239,images/page0458_img000.jpeg,,
240,images/page0458_img001.jpeg,,
241,images/page0459_img000.jpeg,,
242,images/page0460_img000.jpeg,,
243,images/page0460_img001.jpeg,,
244,images/page0461_img000.jpeg,,
245,images/page0464_img000.jpeg,,
246,images/page0466_img000.jpeg,,
247,images/page0466_img001.jpeg,,
248,images/page0467_img000.jpeg,,
249,images/page0467_img001.jpeg,,
250,images/page0467_img002.jpeg,,
251,images/page0469_img000.jpeg,,
252,images/page0470_img000.jpeg,,
253,images/page0473_img000.jpeg,,
254,images/page0474_img000.jpeg,,
255,images/page0474_img001.jpeg,,
256,images/page0475_img000.jpeg,,
257,images/page0476_img000.jpeg,,
258,images/page0479_img000.jpeg,,
259,images/page0479_img001.jpeg,,
260,images/page0479_img003.jpeg,,
261,images/page0480_img000.jpeg,,
262,images/page0480_img001.jpeg,,
263,images/page0482_img000.jpeg,,
264,images/page0483_img000.jpeg,,
265,images/page0485_img000.jpeg,,
266,images/page0487_img001.jpeg,,
267,images/page0488_img000.jpeg,,
268,images/page0489_img000.jpeg,,
269,images/page0489_img001.jpeg,,
270,images/page0491_img000.jpeg,,
271,images/page0492_img000.jpeg,,
272,images/page0493_img001.jpeg,,
273,images/page0494_img001.jpeg,,
274,images/page0495_img000.jpeg,,
275,images/page0496_img000.jpeg,,
276,images/page0497_img000.jpeg,,
277,images/page0498_img000.jpeg,,
278,images/page0499_img000.jpeg,,
279,images/page0500_img000.jpeg,,
280,images/page0503_img000.jpeg,,
281,images/page0504_img000.jpeg,,
282,images/page0504_img001.jpeg,,
283,images/page0505_img000.jpeg,,
284,images/page0507_img000.jpeg,,
285,images/page0507_img001.jpeg,,
286,images/page0508_img000.jpeg,,
287,images/page0510_img000.jpeg,,
288,images/page0510_img002.jpeg,,
289,images/page0511_img000.jpeg,,
290,images/page0511_img001.jpeg,,
291,images/page0511_img002.jpeg,,
292,images/page0512_img000.jpeg,,
293,images/page0512_img001.jpeg,,
294,images/page0513_img000.jpeg,,
295,images/page0513_img001.jpeg,,
296,images/page0514_img000.jpeg,,
297,images/page0515_img001.jpeg,,
298,images/page0515_img002.jpeg,,
299,images/page0518_img000.jpeg,,
300,images/page0526_img000.jpeg,,
301,images/page0527_img000.jpeg,,
302,images/page0529_img001.jpeg,,
303,images/page0531_img000.jpeg,,
304,images/page0535_img000.jpeg,,
305,images/page0537_img001.jpeg,,
306,images/page0542_img000.jpeg,,
307,images/page0543_img000.jpeg,,
308,images/page0544_img000.jpeg,,
309,images/page0545_img000.jpeg,,
310,images/page0547_img000.jpeg,,
311,images/page0548_img000.jpeg,,
312,images/page0549_img000.jpeg,,
313,images/page0549_img001.jpeg,,
314,images/page0550_img000.jpeg,,
315,images/page0553_img000.jpeg,,
316,images/page0554_img000.jpeg,,
317,images/page0554_img001.jpeg,,
318,images/page0565_img000.jpeg,,
319,images/page0566_img000.jpeg,,
320,images/page0571_img000.jpeg,,
321,images/page0573_img000.jpeg,,
322,images/page0578_img000.jpeg,,
323,images/page0579_img000.jpeg,,
324,images/page0580_img000.jpeg,,
325,images/page0582_img000.jpeg,,
326,images/page0584_img000.jpeg,,
327,images/page0585_img000.jpeg,,
328,images/page0590_img000.jpeg,,
329,images/page0596_img000.jpeg,,
330,images/page0614_img000.jpeg,,
331,images/page0616_img000.jpeg,,
332,images/page0619_img000.jpeg,,
333,images/page0620_img000.jpeg,,
334,images/page0625_img000.jpeg,,
335,images/page0628_img000.jpeg,,
336,images/page0632_img000.jpeg,,
337,images/page0636_img000.jpeg,,
338,images/page0638_img000.jpeg,,
339,images/page0644_img000.jpeg,,
340,images/page0648_img000.jpeg,,
341,images/page0655_img000.jpeg,,
342,images/page0656_img001.jpeg,,
343,images/page0668_img001.jpeg,,
344,images/page0669_img000.jpeg,,
345,images/page0670_img000.jpeg,,
346,images/page0674_img000.jpeg,,
347,images/page0674_img001.jpeg,,
348,images/page0675_img000.jpeg,,
349,images/page0676_img000.jpeg,,
350,images/page0684_img000.jpeg,,
351,images/page0686_img000.jpeg,,
352,images/page0687_img000.jpeg,,
353,images/page0687_img001.jpeg,,
354,images/page0688_img000.jpeg,,
355,images/page0689_img000.jpeg,,
356,images/page0691_img000.jpeg,,
357,images/page0693_img000.jpeg,,
358,images/page0694_img000.jpeg,,
